Format,OpenLAP Export
Venue,FSAE Skidpad
Vehicle,OUR5
Driver,OpenLap
Device
Comment
Date,14/09/2025
Time,14:24:15
Frequency,50





distance,time,speed_max,elevation,speed,yaw_rate,long_acc,lat_acc,sum_acc,throttle,brake_pres,brake_force,steering,delta,beta,Fz_aero,Fx_aero,Fx_eng,Fx_roll,Fz_mass,Fz_total,wheel_torque,engine_torque,engine_power,engine_speed,gear
distance,time,speed_max,elevation,speed,yaw_rate,long_acc,lat_acc,sum_acc,throttle,brake_pres,brake_force,steering,delta,beta,Fz_aero,Fx_aero,Fx_eng,Fx_roll,Fz_mass,Fz_total,wheel_torque,engine_torque,engine_power,engine_speed,gear
m,s,m/s,m,m/s,rad/s,m/s/s,m/s/s,m/s/s,ratio,Pa,N,deg,deg,deg,N,N,N,N,N,N,N.m,N.m,W,rpm,


-1.000000,0.000000,23.305239,0.000000,23.305239,2.553999,0.000000,59.521553,59.521553,0.127320,0.000000,0.000000,96.068192,9.606819,5.237896,-39.920361,-399.203613,402.382599,-3.179120,-3139.199951,-3179.120361,81.764153,21.160492,10192.985352,4599.922363,1.000000
-0.533895,0.020000,23.305239,0.000000,23.305239,2.553999,0.000000,59.521553,59.521553,0.127320,0.000000,0.000000,96.068192,9.606819,5.237896,-39.920361,-399.203613,402.382599,-3.179120,-3139.199951,-3179.120361,81.764160,21.160496,10192.986328,4599.922363,1.000000
-0.067790,0.040000,23.305239,0.000000,23.305239,2.553999,0.000000,59.521553,59.521553,0.127320,0.000000,0.000000,96.068192,9.606819,5.237896,-39.920361,-399.203613,402.382660,-3.179120,-3139.199951,-3179.120361,81.764160,21.160496,10192.986328,4599.922363,1.000000
0.398314,0.060000,23.305239,0.000000,23.305239,2.553999,-0.000000,59.521553,59.521553,0.127320,0.000000,0.000000,96.068192,9.606819,5.237896,-39.920361,-399.203613,402.382660,-3.179120,-3139.199951,-3179.120361,81.764160,21.160496,10192.986328,4599.922363,1.000000
0.864419,0.080000,23.305239,0.000000,23.305239,2.553999,-0.000000,59.521553,59.521553,0.127320,0.000000,0.000000,96.068192,9.606819,5.237896,-39.920361,-399.203613,402.382690,-3.179120,-3139.199951,-3179.120361,81.764160,21.160500,10192.987305,4599.922363,1.000000
1.330524,0.100000,23.305239,0.000000,23.305239,2.553999,-0.000000,59.521553,59.521553,0.127320,0.000000,0.000000,96.068192,9.606819,5.237896,-39.920361,-399.203613,402.382721,-3.179120,-3139.199951,-3179.120361,81.764168,21.160500,10192.987305,4599.922363,1.000000
1.796629,0.120000,23.305239,0.000000,23.305239,2.553999,-0.000000,59.521553,59.521553,0.127320,0.000000,0.000000,96.068192,9.606819,5.237896,-39.920361,-399.203613,402.382721,-3.179120,-3139.199951,-3179.120361,81.764168,21.160500,10192.987305,4599.922363,1.000000
2.262733,0.140000,23.305239,0.000000,23.305239,2.553999,-0.000000,59.521553,59.521553,0.127320,0.000000,0.000000,96.068192,9.606819,5.237896,-39.920361,-399.203613,402.382721,-3.179120,-3139.199951,-3179.120361,81.764168,21.160500,10192.987305,4599.922363,1.000000
2.728838,0.160000,23.305239,0.000000,23.305239,2.553999,-0.000000,59.521553,59.521553,0.127320,0.000000,0.000000,96.068192,9.606819,5.237896,-39.920361,-399.203613,402.382721,-3.179120,-3139.199951,-3179.120361,81.764168,21.160500,10192.987305,4599.922363,1.000000
3.194943,0.180000,23.305239,0.000000,23.305239,2.553999,-0.000000,59.521553,59.521553,0.127320,0.000000,0.000000,96.068192,9.606819,5.237896,-39.920361,-399.203613,402.382721,-3.179120,-3139.199951,-3179.120361,81.764168,21.160500,10192.987305,4599.922363,1.000000
3.661048,0.200000,23.305239,0.000000,23.305239,2.553999,-0.000000,59.521553,59.521553,0.127320,0.000000,0.000000,96.068192,9.606819,5.237896,-39.920361,-399.203613,402.382721,-3.179120,-3139.199951,-3179.120361,81.764168,21.160500,10192.987305,4599.922363,1.000000
4.127152,0.220000,23.305239,0.000000,23.305239,2.553999,-0.000000,59.521553,59.521553,0.127320,0.000000,0.000000,96.068192,9.606819,5.237896,-39.920361,-399.203613,402.382721,-3.179120,-3139.199951,-3179.120361,81.764168,21.160500,10192.987305,4599.922363,1.000000
4.593257,0.240000,23.305239,0.000000,23.305239,2.553999,-0.000000,59.521553,59.521553,0.127320,0.000000,0.000000,96.068192,9.606819,5.237896,-39.920361,-399.203613,402.382721,-3.179120,-3139.199951,-3179.120361,81.764168,21.160500,10192.987305,4599.922363,1.000000
5.059361,0.260000,23.305239,0.000000,23.305239,2.553999,-0.000000,59.521553,59.521553,0.127320,0.000000,0.000000,96.068192,9.606819,5.237896,-39.920361,-399.203613,402.382721,-3.179120,-3139.199951,-3179.120361,81.764168,21.160500,10192.987305,4599.922363,1.000000
5.525467,0.280000,23.305239,0.000000,23.305239,2.553999,-0.000000,59.521553,59.521553,0.127320,0.000000,0.000000,96.068192,9.606819,5.237896,-39.920361,-399.203613,402.382721,-3.179120,-3139.199951,-3179.120361,81.764168,21.160500,10192.987305,4599.922363,1.000000
5.991571,0.300000,23.305239,0.000000,23.305239,2.553999,-0.000000,59.521553,59.521553,0.127320,0.000000,0.000000,96.068192,9.606819,5.237896,-39.920361,-399.203613,402.382721,-3.179120,-3139.199951,-3179.120361,81.764168,21.160500,10192.987305,4599.922363,1.000000
6.457676,0.320000,23.305239,0.000000,23.305239,2.553999,-0.000000,59.521553,59.521553,0.127320,0.000000,0.000000,96.068192,9.606819,5.237896,-39.920361,-399.203613,402.382721,-3.179120,-3139.199951,-3179.120361,81.764168,21.160500,10192.987305,4599.922363,1.000000
6.923781,0.340000,23.305239,0.000000,23.305239,2.553999,-0.000000,59.521553,59.521553,0.127320,0.000000,0.000000,96.068192,9.606819,5.237896,-39.920361,-399.203613,402.382721,-3.179120,-3139.199951,-3179.120361,81.764168,21.160500,10192.987305,4599.922363,1.000000
7.389886,0.360000,23.305239,0.000000,23.305239,2.553999,-0.000000,59.521553,59.521553,0.127320,0.000000,0.000000,96.068192,9.606819,5.237896,-39.920361,-399.203613,402.382721,-3.179120,-3139.199951,-3179.120361,81.764168,21.160500,10192.987305,4599.922363,1.000000
7.855990,0.380000,23.305239,0.000000,23.305239,2.553999,-0.000000,59.521553,59.521553,0.127320,0.000000,0.000000,96.068192,9.606819,5.237896,-39.920361,-399.203613,402.382721,-3.179120,-3139.199951,-3179.120361,81.764168,21.160500,10192.987305,4599.922363,1.000000
8.322096,0.400000,23.305239,0.000000,23.305239,2.553999,-0.000000,59.521553,59.521553,0.127320,0.000000,0.000000,96.068192,9.606819,5.237896,-39.920361,-399.203613,402.382721,-3.179120,-3139.199951,-3179.120361,81.764168,21.160500,10192.987305,4599.922363,1.000000
8.788200,0.420000,23.305239,0.000000,23.305239,2.553999,-0.000000,59.521553,59.521553,0.127320,0.000000,0.000000,96.068192,9.606819,5.237896,-39.920361,-399.203613,402.382721,-3.179120,-3139.199951,-3179.120361,81.764168,21.160500,10192.987305,4599.922363,1.000000
9.254305,0.440000,23.305239,0.000000,23.305239,2.553999,-0.000000,59.521553,59.521553,0.127320,0.000000,0.000000,96.068192,9.606819,5.237896,-39.920361,-399.203613,402.382721,-3.179120,-3139.199951,-3179.120361,81.764168,21.160500,10192.987305,4599.922363,1.000000
9.720410,0.460000,23.305239,0.000000,23.305239,2.553999,-0.000000,59.521553,59.521553,0.127320,0.000000,0.000000,96.068192,9.606819,5.237896,-39.920361,-399.203613,402.382721,-3.179120,-3139.199951,-3179.120361,81.764168,21.160500,10192.987305,4599.922363,1.000000
10.186515,0.480000,23.305239,0.000000,23.305239,2.553999,-0.000000,59.521553,59.521553,0.127320,0.000000,0.000000,96.068192,9.606819,5.237896,-39.920361,-399.203613,402.382721,-3.179120,-3139.199951,-3179.120361,81.764168,21.160500,10192.987305,4599.922363,1.000000
10.652619,0.500000,23.305239,0.000000,23.305239,2.553999,-0.000000,59.521553,59.521553,0.127320,0.000000,0.000000,96.068192,9.606819,5.237896,-39.920361,-399.203613,402.382721,-3.179120,-3139.199951,-3179.120361,81.764168,21.160500,10192.987305,4599.922363,1.000000
11.118724,0.520000,23.305239,0.000000,23.305239,2.553999,-0.000000,59.521553,59.521553,0.127320,0.000000,0.000000,96.068192,9.606819,5.237896,-39.920361,-399.203613,402.382721,-3.179120,-3139.199951,-3179.120361,81.764168,21.160500,10192.987305,4599.922363,1.000000
11.584829,0.540000,23.305239,0.000000,23.305239,2.553999,-0.000000,59.521553,59.521553,0.127320,0.000000,0.000000,96.068192,9.606819,5.237896,-39.920361,-399.203613,402.382721,-3.179120,-3139.199951,-3179.120361,81.764168,21.160500,10192.987305,4599.922363,1.000000
12.050935,0.560000,23.305239,0.000000,23.305239,2.553999,-0.000000,59.521553,59.521553,0.127320,0.000000,0.000000,96.068192,9.606819,5.237896,-39.920361,-399.203613,402.382721,-3.179120,-3139.199951,-3179.120361,81.764168,21.160500,10192.987305,4599.922363,1.000000
12.517038,0.580000,23.305239,0.000000,23.305239,2.553999,-0.000000,59.521553,59.521553,0.127320,0.000000,0.000000,96.068192,9.606819,5.237896,-39.920361,-399.203613,402.382721,-3.179120,-3139.199951,-3179.120361,81.764168,21.160500,10192.987305,4599.922363,1.000000
12.983144,0.600000,23.305239,0.000000,23.305239,2.553999,-0.000000,59.521553,59.521553,0.127320,0.000000,0.000000,96.068192,9.606819,5.237896,-39.920361,-399.203613,402.382721,-3.179120,-3139.199951,-3179.120361,81.764168,21.160500,10192.987305,4599.922363,1.000000
13.449247,0.620000,23.305239,0.000000,23.305239,2.553999,-0.000000,59.521553,59.521553,0.127320,0.000000,0.000000,96.068192,9.606819,5.237896,-39.920361,-399.203613,402.382721,-3.179120,-3139.199951,-3179.120361,81.764168,21.160500,10192.987305,4599.922363,1.000000
13.915352,0.640000,23.305239,0.000000,23.305239,2.553999,-0.000000,59.521553,59.521553,0.127320,0.000000,0.000000,96.068192,9.606819,5.237896,-39.920361,-399.203613,402.382721,-3.179120,-3139.199951,-3179.120361,81.764168,21.160500,10192.987305,4599.922363,1.000000
14.381458,0.660000,23.305239,0.000000,23.305239,2.553999,-0.000000,59.521553,59.521553,0.127320,0.000000,0.000000,96.068192,9.606819,5.237896,-39.920361,-399.203613,402.382721,-3.179120,-3139.199951,-3179.120361,81.764168,21.160500,10192.987305,4599.922363,1.000000
14.847563,0.680000,23.305239,0.000000,23.305239,2.553999,-0.000000,59.521553,59.521553,0.127320,0.000000,0.000000,96.068192,9.606819,5.237896,-39.920361,-399.203613,402.382721,-3.179120,-3139.199951,-3179.120361,81.764168,21.160500,10192.987305,4599.922363,1.000000
15.313667,0.700000,23.305239,0.000000,23.305239,2.553999,-0.000000,59.521553,59.521553,0.127320,0.000000,0.000000,96.068192,9.606819,5.237896,-39.920361,-399.203613,402.382721,-3.179120,-3139.199951,-3179.120361,81.764168,21.160500,10192.987305,4599.922363,1.000000
15.779772,0.720000,23.305239,0.000000,23.305239,2.553999,-0.000000,59.521553,59.521553,0.127320,0.000000,0.000000,96.068192,9.606819,5.237896,-39.920361,-399.203613,402.382721,-3.179120,-3139.199951,-3179.120361,81.764168,21.160500,10192.987305,4599.922363,1.000000
16.245876,0.740000,23.305239,0.000000,23.305239,2.553999,-0.000000,59.521553,59.521553,0.127320,0.000000,0.000000,96.068192,9.606819,5.237896,-39.920361,-399.203613,402.382721,-3.179120,-3139.199951,-3179.120361,81.764168,21.160500,10192.987305,4599.922363,1.000000
16.711981,0.760000,23.305239,0.000000,23.305239,2.553999,-0.000000,59.521553,59.521553,0.127320,0.000000,0.000000,96.068192,9.606819,5.237896,-39.920361,-399.203613,402.382721,-3.179120,-3139.199951,-3179.120361,81.764168,21.160500,10192.987305,4599.922363,1.000000
17.178085,0.780000,23.305239,0.000000,23.305239,2.553999,-0.000000,59.521553,59.521553,0.127320,0.000000,0.000000,96.068192,9.606819,5.237896,-39.920361,-399.203613,402.382721,-3.179120,-3139.199951,-3179.120361,81.764168,21.160500,10192.987305,4599.922363,1.000000
17.644192,0.800000,23.305239,0.000000,23.305239,2.553999,-0.000000,59.521553,59.521553,0.127320,0.000000,0.000000,96.068192,9.606819,5.237896,-39.920361,-399.203613,402.382721,-3.179120,-3139.199951,-3179.120361,81.764168,21.160500,10192.987305,4599.922363,1.000000
18.110294,0.820000,23.305239,0.000000,23.305239,2.553999,-0.000000,59.521553,59.521553,0.127320,0.000000,0.000000,96.068192,9.606819,5.237896,-39.920361,-399.203613,402.382721,-3.179120,-3139.199951,-3179.120361,81.764168,21.160500,10192.987305,4599.922363,1.000000
18.576401,0.840000,23.305239,0.000000,23.305239,2.553999,-0.000000,59.521553,59.521553,0.127320,0.000000,0.000000,96.068192,9.606819,5.237896,-39.920361,-399.203613,402.382721,-3.179120,-3139.199951,-3179.120361,81.764168,21.160500,10192.987305,4599.922363,1.000000
19.042505,0.860000,23.305239,0.000000,23.305239,2.553999,-0.000000,59.521553,59.521553,0.127320,0.000000,0.000000,96.068192,9.606819,5.237896,-39.920361,-399.203613,402.382721,-3.179120,-3139.199951,-3179.120361,81.764168,21.160500,10192.987305,4599.922363,1.000000
19.508610,0.880000,23.305239,0.000000,23.305239,2.553999,-0.000000,59.521553,59.521553,0.127320,0.000000,0.000000,96.068192,9.606819,5.237896,-39.920361,-399.203613,402.382721,-3.179120,-3139.199951,-3179.120361,81.764168,21.160500,10192.987305,4599.922363,1.000000
19.974714,0.900000,23.305239,0.000000,23.305239,2.553999,-0.000000,59.521553,59.521553,0.127320,0.000000,0.000000,96.068192,9.606819,5.237896,-39.920361,-399.203613,402.382721,-3.179120,-3139.199951,-3179.120361,81.764168,21.160500,10192.987305,4599.922363,1.000000
20.440821,0.920000,23.305239,0.000000,23.305239,2.553999,-0.000000,59.521553,59.521553,0.127320,0.000000,0.000000,96.068192,9.606819,5.237896,-39.920361,-399.203613,402.382721,-3.179120,-3139.199951,-3179.120361,81.764168,21.160500,10192.987305,4599.922363,1.000000
20.906925,0.940000,23.305239,0.000000,23.305239,2.553999,-0.000000,59.521553,59.521553,0.127320,0.000000,0.000000,96.068192,9.606819,5.237896,-39.920361,-399.203613,402.382721,-3.179120,-3139.199951,-3179.120361,81.764168,21.160500,10192.987305,4599.922363,1.000000
21.373028,0.960000,23.305239,0.000000,23.305239,2.553999,-0.000000,59.521553,59.521553,0.127320,0.000000,0.000000,96.068192,9.606819,5.237896,-39.920361,-399.203613,402.382721,-3.179120,-3139.199951,-3179.120361,81.764168,21.160500,10192.987305,4599.922363,1.000000
21.839134,0.980000,23.305239,0.000000,23.305239,2.553999,-0.000000,59.521553,59.521553,0.127320,0.000000,0.000000,96.068192,9.606819,5.237896,-39.920361,-399.203613,402.382721,-3.179120,-3139.199951,-3179.120361,81.764168,21.160500,10192.987305,4599.922363,1.000000
22.305239,1.000000,23.305239,0.000000,23.305239,2.553999,-0.000000,59.521553,59.521553,0.127320,0.000000,0.000000,96.068192,9.606819,5.237896,-39.920361,-399.203613,402.382721,-3.179120,-3139.199951,-3179.120361,81.764168,21.160500,10192.987305,4599.922363,1.000000
22.771343,1.020000,23.305239,0.000000,23.305239,2.553999,-0.000000,59.521553,59.521553,0.127320,0.000000,0.000000,96.068192,9.606819,5.237896,-39.920361,-399.203613,402.382721,-3.179120,-3139.199951,-3179.120361,81.764168,21.160500,10192.987305,4599.922363,1.000000
23.237446,1.040000,23.305239,0.000000,23.305239,2.553999,-0.000000,59.521553,59.521553,0.127320,0.000000,0.000000,96.068192,9.606819,5.237896,-39.920361,-399.203613,402.382721,-3.179120,-3139.199951,-3179.120361,81.764168,21.160500,10192.987305,4599.922363,1.000000
23.703552,1.060000,23.305239,0.000000,23.305239,2.553999,-0.000000,59.521553,59.521553,0.127320,0.000000,0.000000,96.068192,9.606819,5.237896,-39.920361,-399.203613,402.382721,-3.179120,-3139.199951,-3179.120361,81.764168,21.160500,10192.987305,4599.922363,1.000000
24.169659,1.080000,23.305239,0.000000,23.305239,2.553999,-0.000000,59.521553,59.521553,0.127320,0.000000,0.000000,96.068192,9.606819,5.237896,-39.920361,-399.203613,402.382721,-3.179120,-3139.199951,-3179.120361,81.764168,21.160500,10192.987305,4599.922363,1.000000
24.635765,1.100000,23.305239,0.000000,23.305239,2.553999,-0.000000,59.521553,59.521553,0.127320,0.000000,0.000000,96.068192,9.606819,5.237896,-39.920361,-399.203613,402.382721,-3.179120,-3139.199951,-3179.120361,81.764168,21.160500,10192.987305,4599.922363,1.000000
25.101868,1.120000,23.305239,0.000000,23.305239,2.553999,-0.000000,59.521553,59.521553,0.127320,0.000000,0.000000,96.068192,9.606819,5.237896,-39.920361,-399.203613,402.382721,-3.179120,-3139.199951,-3179.120361,81.764168,21.160500,10192.987305,4599.922363,1.000000
25.567974,1.140000,23.305239,0.000000,23.305239,2.553999,-0.000000,59.521553,59.521553,0.127320,0.000000,0.000000,96.068192,9.606819,5.237896,-39.920361,-399.203613,402.382721,-3.179120,-3139.199951,-3179.120361,81.764168,21.160500,10192.987305,4599.922363,1.000000
26.034077,1.160000,23.305239,0.000000,23.305239,2.553999,-0.000000,59.521553,59.521553,0.127320,0.000000,0.000000,96.068192,9.606819,5.237896,-39.920361,-399.203613,402.382721,-3.179120,-3139.199951,-3179.120361,81.764168,21.160500,10192.987305,4599.922363,1.000000
26.500179,1.180000,23.305239,0.000000,23.305239,2.553999,-0.000000,59.521553,59.521553,0.127320,0.000000,0.000000,96.068192,9.606819,5.237896,-39.920361,-399.203613,402.382721,-3.179120,-3139.199951,-3179.120361,81.764168,21.160500,10192.987305,4599.922363,1.000000
26.966288,1.200000,23.305239,0.000000,23.305239,2.553999,-0.000000,59.521553,59.521553,0.127320,0.000000,0.000000,96.068192,9.606819,5.237896,-39.920361,-399.203613,402.382721,-3.179120,-3139.199951,-3179.120361,81.764168,21.160500,10192.987305,4599.922363,1.000000
27.432390,1.220000,23.305239,0.000000,23.305239,2.553999,-0.000000,59.521553,59.521553,0.127320,0.000000,0.000000,96.068192,9.606819,5.237896,-39.920361,-399.203613,402.382721,-3.179120,-3139.199951,-3179.120361,81.764168,21.160500,10192.987305,4599.922363,1.000000
27.898495,1.240000,23.305239,0.000000,23.305239,2.553999,-0.000000,59.521553,59.521553,0.127320,0.000000,0.000000,96.068192,9.606819,5.237896,-39.920361,-399.203613,402.382721,-3.179120,-3139.199951,-3179.120361,81.764168,21.160500,10192.987305,4599.922363,1.000000
28.364599,1.260000,23.305239,0.000000,23.305239,2.553999,-0.000000,59.521553,59.521553,0.127320,0.000000,0.000000,96.068192,9.606819,5.237896,-39.920361,-399.203613,402.382721,-3.179120,-3139.199951,-3179.120361,81.764168,21.160500,10192.987305,4599.922363,1.000000
28.830704,1.280000,23.305239,0.000000,23.305239,2.553999,-0.000000,59.521553,59.521553,0.127320,0.000000,0.000000,96.068192,9.606819,5.237896,-39.920361,-399.203613,402.382721,-3.179120,-3139.199951,-3179.120361,81.764168,21.160500,10192.987305,4599.922363,1.000000
29.296810,1.300000,23.305239,0.000000,23.305239,2.553999,-0.000000,59.521553,59.521553,0.127320,0.000000,0.000000,96.068192,9.606819,5.237896,-39.920361,-399.203613,402.382721,-3.179120,-3139.199951,-3179.120361,81.764168,21.160500,10192.987305,4599.922363,1.000000
29.762917,1.320000,23.305239,0.000000,23.305239,2.553999,-0.000000,59.521553,59.521553,0.127320,0.000000,0.000000,96.068192,9.606819,5.237896,-39.920361,-399.203613,402.382721,-3.179120,-3139.199951,-3179.120361,81.764168,21.160500,10192.987305,4599.922363,1.000000
30.229023,1.340000,23.305239,0.000000,23.305239,2.553999,-0.000000,59.521553,59.521553,0.127320,0.000000,0.000000,96.068192,9.606819,5.237896,-39.920361,-399.203613,402.382721,-3.179120,-3139.199951,-3179.120361,81.764168,21.160500,10192.987305,4599.922363,1.000000
30.695126,1.360000,23.305239,0.000000,23.305239,2.553999,-0.000000,59.521553,59.521553,0.127320,0.000000,0.000000,96.068192,9.606819,5.237896,-39.920361,-399.203613,402.382721,-3.179120,-3139.199951,-3179.120361,81.764168,21.160500,10192.987305,4599.922363,1.000000
31.161230,1.380000,23.305239,0.000000,23.305239,2.553999,-0.000000,59.521553,59.521553,0.127320,0.000000,0.000000,96.068192,9.606819,5.237896,-39.920361,-399.203613,402.382721,-3.179120,-3139.199951,-3179.120361,81.764168,21.160500,10192.987305,4599.922363,1.000000
31.627335,1.400000,23.305239,0.000000,23.305239,2.553999,-0.000000,59.521553,59.521553,0.127320,0.000000,0.000000,96.068192,9.606819,5.237896,-39.920361,-399.203613,402.382721,-3.179120,-3139.199951,-3179.120361,81.764168,21.160500,10192.987305,4599.922363,1.000000
32.093441,1.420000,23.305239,0.000000,23.305239,2.553999,-0.000000,59.521553,59.521553,0.127320,0.000000,0.000000,96.068192,9.606819,5.237896,-39.920361,-399.203613,402.382721,-3.179120,-3139.199951,-3179.120361,81.764168,21.160500,10192.987305,4599.922363,1.000000
32.559547,1.440000,23.305239,0.000000,23.305239,2.553999,-0.000000,59.521553,59.521553,0.127320,0.000000,0.000000,96.068192,9.606819,5.237896,-39.920361,-399.203613,402.382721,-3.179120,-3139.199951,-3179.120361,81.764168,21.160500,10192.987305,4599.922363,1.000000
33.025646,1.460000,23.305239,0.000000,23.305239,2.553999,-0.000000,59.521553,59.521553,0.127320,0.000000,0.000000,96.068192,9.606819,5.237896,-39.920361,-399.203613,402.382721,-3.179120,-3139.199951,-3179.120361,81.764168,21.160500,10192.987305,4599.922363,1.000000
33.491753,1.480000,23.305239,0.000000,23.305239,2.553999,-0.000000,59.521553,59.521553,0.127320,0.000000,0.000000,96.068192,9.606819,5.237896,-39.920361,-399.203613,402.382721,-3.179120,-3139.199951,-3179.120361,81.764168,21.160500,10192.987305,4599.922363,1.000000
33.957859,1.500000,23.305239,0.000000,23.305239,2.553999,-0.000000,59.521553,59.521553,0.127320,0.000000,0.000000,96.068192,9.606819,5.237896,-39.920361,-399.203613,402.382721,-3.179120,-3139.199951,-3179.120361,81.764168,21.160500,10192.987305,4599.922363,1.000000
34.423962,1.520000,23.305239,0.000000,23.305239,2.553999,-0.000000,59.521553,59.521553,0.127320,0.000000,0.000000,96.068192,9.606819,5.237896,-39.920361,-399.203613,402.382721,-3.179120,-3139.199951,-3179.120361,81.764168,21.160500,10192.987305,4599.922363,1.000000
34.890068,1.540000,23.305239,0.000000,23.305239,2.553999,-0.000000,59.521553,59.521553,0.127320,0.000000,0.000000,96.068192,9.606819,5.237896,-39.920361,-399.203613,402.382721,-3.179120,-3139.199951,-3179.120361,81.764168,21.160500,10192.987305,4599.922363,1.000000
35.356171,1.560000,23.305239,0.000000,23.305239,2.553999,-0.000000,59.521553,59.521553,0.127320,0.000000,0.000000,96.068192,9.606819,5.237896,-39.920361,-399.203613,402.382721,-3.179120,-3139.199951,-3179.120361,81.764168,21.160500,10192.987305,4599.922363,1.000000
35.822281,1.580000,23.305239,0.000000,23.305239,2.553999,-0.000000,59.521553,59.521553,0.127320,0.000000,0.000000,96.068192,9.606819,5.237896,-39.920361,-399.203613,402.382721,-3.179120,-3139.199951,-3179.120361,81.764168,21.160500,10192.987305,4599.922363,1.000000
36.288383,1.600000,23.305239,0.000000,23.305239,2.553999,-0.000000,59.521553,59.521553,0.127320,0.000000,0.000000,96.068192,9.606819,5.237896,-39.920361,-399.203613,402.382721,-3.179120,-3139.199951,-3179.120361,81.764168,21.160500,10192.987305,4599.922363,1.000000
36.754486,1.620000,23.305239,0.000000,23.305239,2.553999,-0.000000,59.521553,59.521553,0.127320,0.000000,0.000000,96.068192,9.606819,5.237896,-39.920361,-399.203613,402.382721,-3.179120,-3139.199951,-3179.120361,81.764168,21.160500,10192.987305,4599.922363,1.000000
37.220592,1.640000,23.305239,0.000000,23.305239,2.553999,-0.000000,59.521553,59.521553,0.127320,0.000000,0.000000,96.068192,9.606819,5.237896,-39.920361,-399.203613,402.382721,-3.179120,-3139.199951,-3179.120361,81.764168,21.160500,10192.987305,4599.922363,1.000000
37.686699,1.660000,23.305239,0.000000,23.305239,2.553999,-0.000000,59.521553,59.521553,0.127320,0.000000,0.000000,96.068192,9.606819,5.237896,-39.920361,-399.203613,402.382721,-3.179120,-3139.199951,-3179.120361,81.764168,21.160500,10192.987305,4599.922363,1.000000
38.152802,1.680000,23.305239,0.000000,23.305239,2.553999,-0.000000,59.521553,59.521553,0.127320,0.000000,0.000000,96.068192,9.606819,5.237896,-39.920361,-399.203613,402.382721,-3.179120,-3139.199951,-3179.120361,81.764168,21.160500,10192.987305,4599.922363,1.000000
38.618908,1.700000,23.305239,0.000000,23.305239,2.553999,-0.000000,59.521553,59.521553,0.127320,0.000000,0.000000,96.068192,9.606819,5.237896,-39.920361,-399.203613,402.382721,-3.179120,-3139.199951,-3179.120361,81.764168,21.160500,10192.987305,4599.922363,1.000000
39.085011,1.720000,23.305239,0.000000,23.305239,2.553999,-0.000000,59.521553,59.521553,0.127320,0.000000,0.000000,96.068192,9.606819,5.237896,-39.920361,-399.203613,402.382721,-3.179120,-3139.199951,-3179.120361,81.764168,21.160500,10192.987305,4599.922363,1.000000
39.551117,1.740000,23.305239,0.000000,23.305239,2.553999,-0.000000,59.521553,59.521553,0.127320,0.000000,0.000000,96.068192,9.606819,5.237896,-39.920361,-399.203613,402.382721,-3.179120,-3139.199951,-3179.120361,81.764168,21.160500,10192.987305,4599.922363,1.000000
40.017216,1.760000,23.305239,0.000000,23.305239,2.553999,-0.000000,59.521553,59.521553,0.127320,0.000000,0.000000,96.068192,9.606819,5.237896,-39.920361,-399.203613,402.382721,-3.179120,-3139.199951,-3179.120361,81.764168,21.160500,10192.987305,4599.922363,1.000000
40.483326,1.780000,23.305239,0.000000,23.305239,2.553999,-0.000000,59.521553,59.521553,0.127320,0.000000,0.000000,96.068192,9.606819,5.237896,-39.920361,-399.203613,402.382721,-3.179120,-3139.199951,-3179.120361,81.764168,21.160500,10192.987305,4599.922363,1.000000
40.949429,1.800000,23.305239,0.000000,23.305239,2.553999,-0.000000,59.521553,59.521553,0.127320,0.000000,0.000000,96.068192,9.606819,5.237896,-39.920361,-399.203613,402.382721,-3.179120,-3139.199951,-3179.120361,81.764168,21.160500,10192.987305,4599.922363,1.000000
41.415535,1.820000,23.305239,0.000000,23.305239,2.553999,-0.000000,59.521553,59.521553,0.127320,0.000000,0.000000,96.068192,9.606819,5.237896,-39.920361,-399.203613,402.382721,-3.179120,-3139.199951,-3179.120361,81.764168,21.160500,10192.987305,4599.922363,1.000000
41.881641,1.840000,23.305239,0.000000,23.305239,2.553999,-0.000000,59.521553,59.521553,0.127320,0.000000,0.000000,96.068192,9.606819,5.237896,-39.920361,-399.203613,402.382721,-3.179120,-3139.199951,-3179.120361,81.764168,21.160500,10192.987305,4599.922363,1.000000
42.347744,1.860000,23.305239,0.000000,23.305239,2.553999,-0.000000,59.521553,59.521553,0.127320,0.000000,0.000000,96.068192,9.606819,5.237896,-39.920361,-399.203613,402.382721,-3.179120,-3139.199951,-3179.120361,81.764168,21.160500,10192.987305,4599.922363,1.000000
42.813850,1.880000,23.305239,0.000000,23.305239,2.553999,-0.000000,59.521553,59.521553,0.127320,0.000000,0.000000,96.068192,9.606819,5.237896,-39.920361,-399.203613,402.382721,-3.179120,-3139.199951,-3179.120361,81.764168,21.160500,10192.987305,4599.922363,1.000000
43.279953,1.900000,23.305239,0.000000,23.305239,2.553999,-0.000000,59.521553,59.521553,0.127320,0.000000,0.000000,96.068192,9.606819,5.237896,-39.920361,-399.203613,402.382721,-3.179120,-3139.199951,-3179.120361,81.764168,21.160500,10192.987305,4599.922363,1.000000
43.746056,1.920000,23.305239,0.000000,23.305239,2.553999,-0.000000,59.521553,59.521553,0.127320,0.000000,0.000000,96.068192,9.606819,5.237896,-39.920361,-399.203613,402.382721,-3.179120,-3139.199951,-3179.120361,81.764168,21.160500,10192.987305,4599.922363,1.000000
44.212166,1.940000,23.305239,0.000000,23.305239,2.553999,-0.000000,59.521553,59.521553,0.127320,0.000000,0.000000,96.068192,9.606819,5.237896,-39.920361,-399.203613,402.382721,-3.179120,-3139.199951,-3179.120361,81.764168,21.160500,10192.987305,4599.922363,1.000000
44.678268,1.960000,23.305239,0.000000,23.305239,2.553999,-0.000000,59.521553,59.521553,0.127320,0.000000,0.000000,96.068192,9.606819,5.237896,-39.920361,-399.203613,402.382721,-3.179120,-3139.199951,-3179.120361,81.764168,21.160500,10192.987305,4599.922363,1.000000
45.144371,1.980000,23.305239,0.000000,23.305239,2.553999,-0.000000,59.521553,59.521553,0.127320,0.000000,0.000000,96.068192,9.606819,5.237896,-39.920361,-399.203613,402.382721,-3.179120,-3139.199951,-3179.120361,81.764168,21.160500,10192.987305,4599.922363,1.000000
45.610477,2.000000,23.305239,0.000000,23.305239,2.553999,-0.000000,59.521553,59.521553,0.127320,0.000000,0.000000,96.068192,9.606819,5.237896,-39.920361,-399.203613,402.382721,-3.179120,-3139.199951,-3179.120361,81.764168,21.160500,10192.987305,4599.922363,1.000000
46.076580,2.020000,23.305239,0.000000,23.305239,2.553999,-0.000000,59.521553,59.521553,0.127320,0.000000,0.000000,96.068192,9.606819,5.237896,-39.920361,-399.203613,402.382721,-3.179120,-3139.199951,-3179.120361,81.764168,21.160500,10192.987305,4599.922363,1.000000
46.542686,2.040000,23.305239,0.000000,23.305239,2.553999,-0.000000,59.521553,59.521553,0.127320,0.000000,0.000000,96.068192,9.606819,5.237896,-39.920361,-399.203613,402.382721,-3.179120,-3139.199951,-3179.120361,81.764168,21.160500,10192.987305,4599.922363,1.000000
47.008789,2.060000,23.305239,0.000000,23.305239,2.553999,-0.000000,59.521553,59.521553,0.127320,0.000000,0.000000,96.068192,9.606819,5.237896,-39.920361,-399.203613,402.382721,-3.179120,-3139.199951,-3179.120361,81.764168,21.160500,10192.987305,4599.922363,1.000000
47.474892,2.080000,23.305239,0.000000,23.305239,2.553999,-0.000000,59.521553,59.521553,0.127320,0.000000,0.000000,96.068192,9.606819,5.237896,-39.920361,-399.203613,402.382721,-3.179120,-3139.199951,-3179.120361,81.764168,21.160500,10192.987305,4599.922363,1.000000
47.940998,2.100000,23.305239,0.000000,23.305239,2.553999,-0.000000,59.521553,59.521553,0.127320,0.000000,0.000000,96.068192,9.606819,5.237896,-39.920361,-399.203613,402.382721,-3.179120,-3139.199951,-3179.120361,81.764168,21.160500,10192.987305,4599.922363,1.000000
48.407104,2.120000,23.305239,0.000000,23.305239,2.553999,-0.000000,59.521553,59.521553,0.127320,0.000000,0.000000,96.068192,9.606819,5.237896,-39.920361,-399.203613,402.382721,-3.179120,-3139.199951,-3179.120361,81.764168,21.160500,10192.987305,4599.922363,1.000000
48.873211,2.140000,23.305239,0.000000,23.305239,2.553999,-0.000000,59.521553,59.521553,0.127320,0.000000,0.000000,96.068192,9.606819,5.237896,-39.920361,-399.203613,402.382721,-3.179120,-3139.199951,-3179.120361,81.764168,21.160500,10192.987305,4599.922363,1.000000
49.339317,2.160000,23.305239,0.000000,23.305239,2.553999,-0.000000,59.521553,59.521553,0.127320,0.000000,0.000000,96.068192,9.606819,5.237896,-39.920361,-399.203613,402.382721,-3.179120,-3139.199951,-3179.120361,81.764168,21.160500,10192.987305,4599.922363,1.000000
49.805420,2.180000,23.305239,0.000000,23.305239,2.553999,-0.000000,59.521553,59.521553,0.127320,0.000000,0.000000,96.068192,9.606819,5.237896,-39.920361,-399.203613,402.382721,-3.179120,-3139.199951,-3179.120361,81.764168,21.160500,10192.987305,4599.922363,1.000000
50.271526,2.200000,23.305239,0.000000,23.305239,2.553999,-0.000000,59.521553,59.521553,0.127320,0.000000,0.000000,96.068192,9.606819,5.237896,-39.920361,-399.203613,402.382721,-3.179120,-3139.199951,-3179.120361,81.764168,21.160500,10192.987305,4599.922363,1.000000
50.737633,2.220000,23.305239,0.000000,23.305239,2.553999,-0.000000,59.521553,59.521553,0.127320,0.000000,0.000000,96.068192,9.606819,5.237896,-39.920361,-399.203613,402.382721,-3.179120,-3139.199951,-3179.120361,81.764168,21.160500,10192.987305,4599.922363,1.000000
51.203735,2.240000,23.305239,0.000000,23.305239,2.553999,-0.000000,59.521553,59.521553,0.127320,0.000000,0.000000,96.068192,9.606819,5.237896,-39.920361,-399.203613,402.382721,-3.179120,-3139.199951,-3179.120361,81.764168,21.160500,10192.987305,4599.922363,1.000000
51.669842,2.260000,23.305239,0.000000,23.305239,2.553999,-0.000000,59.521553,59.521553,0.127320,0.000000,0.000000,96.068192,9.606819,5.237896,-39.920361,-399.203613,402.382721,-3.179120,-3139.199951,-3179.120361,81.764168,21.160500,10192.987305,4599.922363,1.000000
52.135944,2.280000,23.305239,0.000000,23.305239,2.553999,-0.000000,59.521553,59.521553,0.127320,0.000000,0.000000,96.068192,9.606819,5.237896,-39.920361,-399.203613,402.382721,-3.179120,-3139.199951,-3179.120361,81.764168,21.160500,10192.987305,4599.922363,1.000000
52.602051,2.300000,23.305239,0.000000,23.305239,2.553999,-0.000000,59.521553,59.521553,0.127320,0.000000,0.000000,96.068192,9.606819,5.237896,-39.920361,-399.203613,402.382721,-3.179120,-3139.199951,-3179.120361,81.764168,21.160500,10192.987305,4599.922363,1.000000
53.068153,2.320000,23.305239,0.000000,23.305239,2.553999,-0.000000,59.521553,59.521553,0.127320,0.000000,0.000000,96.068192,9.606819,5.237896,-39.920361,-399.203613,402.382721,-3.179120,-3139.199951,-3179.120361,81.764168,21.160500,10192.987305,4599.922363,1.000000
53.534256,2.340000,23.305239,0.000000,23.305239,2.553999,-0.000000,59.521553,59.521553,0.127320,0.000000,0.000000,96.068192,9.606819,5.237896,-39.920361,-399.203613,402.382721,-3.179120,-3139.199951,-3179.120361,81.764168,21.160500,10192.987305,4599.922363,1.000000
54.000362,2.360000,23.305239,0.000000,23.305239,2.553999,-0.000000,59.521553,59.521553,0.127320,0.000000,0.000000,96.068192,9.606819,5.237896,-39.920361,-399.203613,402.382721,-3.179120,-3139.199951,-3179.120361,81.764168,21.160500,10192.987305,4599.922363,1.000000
54.466469,2.380000,23.305239,0.000000,23.305239,2.553999,-0.000000,59.521553,59.521553,0.127320,0.000000,0.000000,96.068192,9.606819,5.237896,-39.920361,-399.203613,402.382721,-3.179120,-3139.199951,-3179.120361,81.764168,21.160500,10192.987305,4599.922363,1.000000
54.932575,2.400000,23.305239,0.000000,23.305239,2.553999,-0.000000,59.521553,59.521553,0.127320,0.000000,0.000000,96.068192,9.606819,5.237896,-39.920361,-399.203613,402.382721,-3.179120,-3139.199951,-3179.120361,81.764168,21.160500,10192.987305,4599.922363,1.000000
55.398682,2.420000,23.305239,0.000000,23.305239,2.553999,0.034811,59.521553,59.521584,0.130845,0.000000,0.000000,96.068192,9.606819,5.237896,-39.920361,-399.203613,413.522217,-3.179120,-3139.199951,-3179.120361,84.027710,21.746304,10475.167969,4599.922363,1.000000
55.864784,2.440000,23.305239,0.000000,23.305239,2.553999,0.075509,59.521553,59.521606,0.134966,0.000000,0.000000,96.068192,9.606819,5.237896,-39.920361,-399.203613,426.545624,-3.179120,-3139.199951,-3179.120361,86.674072,22.431179,10805.072266,4599.922363,1.000000
56.330940,2.460000,25.652744,0.000000,23.306479,1.708774,0.029524,39.823380,39.852318,0.130329,0.000000,0.000000,64.275208,6.427521,3.504457,-39.924606,-399.246094,411.872986,-3.179125,-3139.199951,-3179.124512,83.692596,21.659573,10433.894531,4600.166992,1.000000
56.797119,2.480000,28.959541,0.000000,23.308224,0.518155,-0.051883,12.075720,12.145330,0.122114,0.000000,0.000000,19.490294,1.949029,1.062663,-39.930592,-399.305908,385.882599,-3.179131,-3139.199951,-3179.130615,78.411339,20.292789,9776.226562,4600.512207,1.000000
57.263260,2.500000,28.531254,0.000000,23.307999,-0.672360,-0.064326,-15.669502,15.733828,0.120851,0.000000,0.000000,-25.290684,-2.529068,-1.378916,-39.929813,-399.298157,381.893127,-3.179130,-3139.199951,-3179.129883,77.600677,20.082993,9675.075195,4600.467285,1.000000
57.729362,2.520000,25.224976,0.000000,23.306253,-1.862793,-0.023630,-43.412846,43.436474,0.124944,0.000000,0.000000,-70.068626,-7.006863,-3.820330,-39.923832,-399.238342,394.856018,-3.179124,-3139.199951,-3179.123779,80.234741,20.764687,10002.736328,4600.122559,1.000000
58.195469,2.540000,23.305239,0.000000,23.305239,-2.553999,-0.000000,-59.521553,59.521553,0.127320,0.000000,0.000000,-96.068192,-9.606819,-5.237896,-39.920361,-399.203613,402.382721,-3.179120,-3139.199951,-3179.120361,81.764168,21.160500,10192.987305,4599.922363,1.000000
58.661572,2.560000,23.305239,0.000000,23.305239,-2.553999,-0.000000,-59.521553,59.521553,0.127320,0.000000,0.000000,-96.068192,-9.606819,-5.237896,-39.920361,-399.203613,402.382721,-3.179120,-3139.199951,-3179.120361,81.764168,21.160500,10192.987305,4599.922363,1.000000
59.127678,2.580000,23.305239,0.000000,23.305239,-2.553999,-0.000000,-59.521553,59.521553,0.127320,0.000000,0.000000,-96.068192,-9.606819,-5.237896,-39.920361,-399.203613,402.382721,-3.179120,-3139.199951,-3179.120361,81.764168,21.160500,10192.987305,4599.922363,1.000000
59.593781,2.600000,23.305239,0.000000,23.305239,-2.553999,-0.000000,-59.521553,59.521553,0.127320,0.000000,0.000000,-96.068192,-9.606819,-5.237896,-39.920361,-399.203613,402.382721,-3.179120,-3139.199951,-3179.120361,81.764168,21.160500,10192.987305,4599.922363,1.000000
60.059879,2.620000,23.305239,0.000000,23.305239,-2.553999,-0.000000,-59.521553,59.521553,0.127320,0.000000,0.000000,-96.068192,-9.606819,-5.237896,-39.920361,-399.203613,402.382721,-3.179120,-3139.199951,-3179.120361,81.764168,21.160500,10192.987305,4599.922363,1.000000
60.525993,2.640000,23.305239,0.000000,23.305239,-2.553999,-0.000000,-59.521553,59.521553,0.127320,0.000000,0.000000,-96.068192,-9.606819,-5.237896,-39.920361,-399.203613,402.382721,-3.179120,-3139.199951,-3179.120361,81.764168,21.160500,10192.987305,4599.922363,1.000000
60.992100,2.660000,23.305239,0.000000,23.305239,-2.553999,-0.000000,-59.521553,59.521553,0.127320,0.000000,0.000000,-96.068192,-9.606819,-5.237896,-39.920361,-399.203613,402.382721,-3.179120,-3139.199951,-3179.120361,81.764168,21.160500,10192.987305,4599.922363,1.000000
61.458202,2.680000,23.305239,0.000000,23.305239,-2.553999,-0.000000,-59.521553,59.521553,0.127320,0.000000,0.000000,-96.068192,-9.606819,-5.237896,-39.920361,-399.203613,402.382721,-3.179120,-3139.199951,-3179.120361,81.764168,21.160500,10192.987305,4599.922363,1.000000
61.924305,2.700000,23.305239,0.000000,23.305239,-2.553999,-0.000000,-59.521553,59.521553,0.127320,0.000000,0.000000,-96.068192,-9.606819,-5.237896,-39.920361,-399.203613,402.382721,-3.179120,-3139.199951,-3179.120361,81.764168,21.160500,10192.987305,4599.922363,1.000000
62.390411,2.720000,23.305239,0.000000,23.305239,-2.553999,-0.000000,-59.521553,59.521553,0.127320,0.000000,0.000000,-96.068192,-9.606819,-5.237896,-39.920361,-399.203613,402.382721,-3.179120,-3139.199951,-3179.120361,81.764168,21.160500,10192.987305,4599.922363,1.000000
62.856514,2.740000,23.305239,0.000000,23.305239,-2.553999,-0.000000,-59.521553,59.521553,0.127320,0.000000,0.000000,-96.068192,-9.606819,-5.237896,-39.920361,-399.203613,402.382721,-3.179120,-3139.199951,-3179.120361,81.764168,21.160500,10192.987305,4599.922363,1.000000
63.322617,2.760000,23.305239,0.000000,23.305239,-2.553999,-0.000000,-59.521553,59.521553,0.127320,0.000000,0.000000,-96.068192,-9.606819,-5.237896,-39.920361,-399.203613,402.382721,-3.179120,-3139.199951,-3179.120361,81.764168,21.160500,10192.987305,4599.922363,1.000000
63.788723,2.780000,23.305239,0.000000,23.305239,-2.553999,-0.000000,-59.521553,59.521553,0.127320,0.000000,0.000000,-96.068192,-9.606819,-5.237896,-39.920361,-399.203613,402.382721,-3.179120,-3139.199951,-3179.120361,81.764168,21.160500,10192.987305,4599.922363,1.000000
64.254822,2.800000,23.305239,0.000000,23.305239,-2.553999,-0.000000,-59.521553,59.521553,0.127320,0.000000,0.000000,-96.068192,-9.606819,-5.237896,-39.920361,-399.203613,402.382721,-3.179120,-3139.199951,-3179.120361,81.764168,21.160500,10192.987305,4599.922363,1.000000
64.720932,2.820000,23.305239,0.000000,23.305239,-2.553999,-0.000000,-59.521553,59.521553,0.127320,0.000000,0.000000,-96.068192,-9.606819,-5.237896,-39.920361,-399.203613,402.382721,-3.179120,-3139.199951,-3179.120361,81.764168,21.160500,10192.987305,4599.922363,1.000000
65.187035,2.840000,23.305239,0.000000,23.305239,-2.553999,-0.000000,-59.521553,59.521553,0.127320,0.000000,0.000000,-96.068192,-9.606819,-5.237896,-39.920361,-399.203613,402.382721,-3.179120,-3139.199951,-3179.120361,81.764168,21.160500,10192.987305,4599.922363,1.000000
65.653137,2.860000,23.305239,0.000000,23.305239,-2.553999,-0.000000,-59.521553,59.521553,0.127320,0.000000,0.000000,-96.068192,-9.606819,-5.237896,-39.920361,-399.203613,402.382721,-3.179120,-3139.199951,-3179.120361,81.764168,21.160500,10192.987305,4599.922363,1.000000
66.119247,2.880000,23.305239,0.000000,23.305239,-2.553999,-0.000000,-59.521553,59.521553,0.127320,0.000000,0.000000,-96.068192,-9.606819,-5.237896,-39.920361,-399.203613,402.382721,-3.179120,-3139.199951,-3179.120361,81.764168,21.160500,10192.987305,4599.922363,1.000000
66.585350,2.900000,23.305239,0.000000,23.305239,-2.553999,-0.000000,-59.521553,59.521553,0.127320,0.000000,0.000000,-96.068192,-9.606819,-5.237896,-39.920361,-399.203613,402.382721,-3.179120,-3139.199951,-3179.120361,81.764168,21.160500,10192.987305,4599.922363,1.000000
67.051460,2.920000,23.305239,0.000000,23.305239,-2.553999,-0.000000,-59.521553,59.521553,0.127320,0.000000,0.000000,-96.068192,-9.606819,-5.237896,-39.920361,-399.203613,402.382721,-3.179120,-3139.199951,-3179.120361,81.764168,21.160500,10192.987305,4599.922363,1.000000
67.517563,2.940000,23.305239,0.000000,23.305239,-2.553999,-0.000000,-59.521553,59.521553,0.127320,0.000000,0.000000,-96.068192,-9.606819,-5.237896,-39.920361,-399.203613,402.382721,-3.179120,-3139.199951,-3179.120361,81.764168,21.160500,10192.987305,4599.922363,1.000000
67.983673,2.960000,23.305239,0.000000,23.305239,-2.553999,-0.000000,-59.521553,59.521553,0.127320,0.000000,0.000000,-96.068192,-9.606819,-5.237896,-39.920361,-399.203613,402.382721,-3.179120,-3139.199951,-3179.120361,81.764168,21.160500,10192.987305,4599.922363,1.000000
68.449776,2.980000,23.305239,0.000000,23.305239,-2.553999,-0.000000,-59.521553,59.521553,0.127320,0.000000,0.000000,-96.068192,-9.606819,-5.237896,-39.920361,-399.203613,402.382721,-3.179120,-3139.199951,-3179.120361,81.764168,21.160500,10192.987305,4599.922363,1.000000
68.915878,3.000000,23.305239,0.000000,23.305239,-2.553999,-0.000000,-59.521553,59.521553,0.127320,0.000000,0.000000,-96.068192,-9.606819,-5.237896,-39.920361,-399.203613,402.382721,-3.179120,-3139.199951,-3179.120361,81.764168,21.160500,10192.987305,4599.922363,1.000000
69.381981,3.020000,23.305239,0.000000,23.305239,-2.553999,-0.000000,-59.521553,59.521553,0.127320,0.000000,0.000000,-96.068192,-9.606819,-5.237896,-39.920361,-399.203613,402.382721,-3.179120,-3139.199951,-3179.120361,81.764168,21.160500,10192.987305,4599.922363,1.000000
69.848083,3.040000,23.305239,0.000000,23.305239,-2.553999,-0.000000,-59.521553,59.521553,0.127320,0.000000,0.000000,-96.068192,-9.606819,-5.237896,-39.920361,-399.203613,402.382721,-3.179120,-3139.199951,-3179.120361,81.764168,21.160500,10192.987305,4599.922363,1.000000
70.314194,3.060000,23.305239,0.000000,23.305239,-2.553999,-0.000000,-59.521553,59.521553,0.127320,0.000000,0.000000,-96.068192,-9.606819,-5.237896,-39.920361,-399.203613,402.382721,-3.179120,-3139.199951,-3179.120361,81.764168,21.160500,10192.987305,4599.922363,1.000000
70.780296,3.080000,23.305239,0.000000,23.305239,-2.553999,-0.000000,-59.521553,59.521553,0.127320,0.000000,0.000000,-96.068192,-9.606819,-5.237896,-39.920361,-399.203613,402.382721,-3.179120,-3139.199951,-3179.120361,81.764168,21.160500,10192.987305,4599.922363,1.000000
71.246399,3.100000,23.305239,0.000000,23.305239,-2.553999,-0.000000,-59.521553,59.521553,0.127320,0.000000,0.000000,-96.068192,-9.606819,-5.237896,-39.920361,-399.203613,402.382721,-3.179120,-3139.199951,-3179.120361,81.764168,21.160500,10192.987305,4599.922363,1.000000
71.712502,3.120000,23.305239,0.000000,23.305239,-2.553999,-0.000000,-59.521553,59.521553,0.127320,0.000000,0.000000,-96.068192,-9.606819,-5.237896,-39.920361,-399.203613,402.382721,-3.179120,-3139.199951,-3179.120361,81.764168,21.160500,10192.987305,4599.922363,1.000000
72.178612,3.140000,23.305239,0.000000,23.305239,-2.553999,-0.000000,-59.521553,59.521553,0.127320,0.000000,0.000000,-96.068192,-9.606819,-5.237896,-39.920361,-399.203613,402.382721,-3.179120,-3139.199951,-3179.120361,81.764168,21.160500,10192.987305,4599.922363,1.000000
72.644714,3.160000,23.305239,0.000000,23.305239,-2.553999,-0.000000,-59.521553,59.521553,0.127320,0.000000,0.000000,-96.068192,-9.606819,-5.237896,-39.920361,-399.203613,402.382721,-3.179120,-3139.199951,-3179.120361,81.764168,21.160500,10192.987305,4599.922363,1.000000
73.110825,3.180000,23.305239,0.000000,23.305239,-2.553999,-0.000000,-59.521553,59.521553,0.127320,0.000000,0.000000,-96.068192,-9.606819,-5.237896,-39.920361,-399.203613,402.382721,-3.179120,-3139.199951,-3179.120361,81.764168,21.160500,10192.987305,4599.922363,1.000000
73.576920,3.200000,23.305239,0.000000,23.305239,-2.553999,-0.000000,-59.521553,59.521553,0.127320,0.000000,0.000000,-96.068192,-9.606819,-5.237896,-39.920361,-399.203613,402.382721,-3.179120,-3139.199951,-3179.120361,81.764168,21.160500,10192.987305,4599.922363,1.000000
74.043030,3.220000,23.305239,0.000000,23.305239,-2.553999,-0.000000,-59.521553,59.521553,0.127320,0.000000,0.000000,-96.068192,-9.606819,-5.237896,-39.920361,-399.203613,402.382721,-3.179120,-3139.199951,-3179.120361,81.764168,21.160500,10192.987305,4599.922363,1.000000
74.509140,3.240000,23.305239,0.000000,23.305239,-2.553999,-0.000000,-59.521553,59.521553,0.127320,0.000000,0.000000,-96.068192,-9.606819,-5.237896,-39.920361,-399.203613,402.382721,-3.179120,-3139.199951,-3179.120361,81.764168,21.160500,10192.987305,4599.922363,1.000000
74.975243,3.260000,23.305239,0.000000,23.305239,-2.553999,-0.000000,-59.521553,59.521553,0.127320,0.000000,0.000000,-96.068192,-9.606819,-5.237896,-39.920361,-399.203613,402.382721,-3.179120,-3139.199951,-3179.120361,81.764168,21.160500,10192.987305,4599.922363,1.000000
75.441345,3.280000,23.305239,0.000000,23.305239,-2.553999,-0.000000,-59.521553,59.521553,0.127320,0.000000,0.000000,-96.068192,-9.606819,-5.237896,-39.920361,-399.203613,402.382721,-3.179120,-3139.199951,-3179.120361,81.764168,21.160500,10192.987305,4599.922363,1.000000
75.907448,3.300000,23.305239,0.000000,23.305239,-2.553999,-0.000000,-59.521553,59.521553,0.127320,0.000000,0.000000,-96.068192,-9.606819,-5.237896,-39.920361,-399.203613,402.382721,-3.179120,-3139.199951,-3179.120361,81.764168,21.160500,10192.987305,4599.922363,1.000000
76.373550,3.320000,23.305239,0.000000,23.305239,-2.553999,-0.000000,-59.521553,59.521553,0.127320,0.000000,0.000000,-96.068192,-9.606819,-5.237896,-39.920361,-399.203613,402.382721,-3.179120,-3139.199951,-3179.120361,81.764168,21.160500,10192.987305,4599.922363,1.000000
76.839653,3.340000,23.305239,0.000000,23.305239,-2.553999,-0.000000,-59.521553,59.521553,0.127320,0.000000,0.000000,-96.068192,-9.606819,-5.237896,-39.920361,-399.203613,402.382721,-3.179120,-3139.199951,-3179.120361,81.764168,21.160500,10192.987305,4599.922363,1.000000
77.305756,3.360000,23.305239,0.000000,23.305239,-2.553999,-0.000000,-59.521553,59.521553,0.127320,0.000000,0.000000,-96.068192,-9.606819,-5.237896,-39.920361,-399.203613,402.382721,-3.179120,-3139.199951,-3179.120361,81.764168,21.160500,10192.987305,4599.922363,1.000000
77.771873,3.380000,23.305239,0.000000,23.305239,-2.553999,-0.000000,-59.521553,59.521553,0.127320,0.000000,0.000000,-96.068192,-9.606819,-5.237896,-39.920361,-399.203613,402.382721,-3.179120,-3139.199951,-3179.120361,81.764168,21.160500,10192.987305,4599.922363,1.000000
78.237976,3.400000,23.305239,0.000000,23.305239,-2.553999,-0.000000,-59.521553,59.521553,0.127320,0.000000,0.000000,-96.068192,-9.606819,-5.237896,-39.920361,-399.203613,402.382721,-3.179120,-3139.199951,-3179.120361,81.764168,21.160500,10192.987305,4599.922363,1.000000
78.704079,3.420000,23.305239,0.000000,23.305239,-2.553999,-0.000000,-59.521553,59.521553,0.127320,0.000000,0.000000,-96.068192,-9.606819,-5.237896,-39.920361,-399.203613,402.382721,-3.179120,-3139.199951,-3179.120361,81.764168,21.160500,10192.987305,4599.922363,1.000000
79.170181,3.440000,23.305239,0.000000,23.305239,-2.553999,-0.000000,-59.521553,59.521553,0.127320,0.000000,0.000000,-96.068192,-9.606819,-5.237896,-39.920361,-399.203613,402.382721,-3.179120,-3139.199951,-3179.120361,81.764168,21.160500,10192.987305,4599.922363,1.000000
79.636292,3.460000,23.305239,0.000000,23.305239,-2.553999,-0.000000,-59.521553,59.521553,0.127320,0.000000,0.000000,-96.068192,-9.606819,-5.237896,-39.920361,-399.203613,402.382721,-3.179120,-3139.199951,-3179.120361,81.764168,21.160500,10192.987305,4599.922363,1.000000
80.102394,3.480000,23.305239,0.000000,23.305239,-2.553999,-0.000000,-59.521553,59.521553,0.127320,0.000000,0.000000,-96.068192,-9.606819,-5.237896,-39.920361,-399.203613,402.382721,-3.179120,-3139.199951,-3179.120361,81.764168,21.160500,10192.987305,4599.922363,1.000000
80.568497,3.500000,23.305239,0.000000,23.305239,-2.553999,-0.000000,-59.521553,59.521553,0.127320,0.000000,0.000000,-96.068192,-9.606819,-5.237896,-39.920361,-399.203613,402.382721,-3.179120,-3139.199951,-3179.120361,81.764168,21.160500,10192.987305,4599.922363,1.000000
81.034599,3.520000,23.305239,0.000000,23.305239,-2.553999,-0.000000,-59.521553,59.521553,0.127320,0.000000,0.000000,-96.068192,-9.606819,-5.237896,-39.920361,-399.203613,402.382721,-3.179120,-3139.199951,-3179.120361,81.764168,21.160500,10192.987305,4599.922363,1.000000
81.500702,3.540000,23.305239,0.000000,23.305239,-2.553999,-0.000000,-59.521553,59.521553,0.127320,0.000000,0.000000,-96.068192,-9.606819,-5.237896,-39.920361,-399.203613,402.382721,-3.179120,-3139.199951,-3179.120361,81.764168,21.160500,10192.987305,4599.922363,1.000000
81.966812,3.560000,23.305239,0.000000,23.305239,-2.553999,-0.000000,-59.521553,59.521553,0.127320,0.000000,0.000000,-96.068192,-9.606819,-5.237896,-39.920361,-399.203613,402.382721,-3.179120,-3139.199951,-3179.120361,81.764168,21.160500,10192.987305,4599.922363,1.000000
82.432915,3.580000,23.305239,0.000000,23.305239,-2.553999,-0.000000,-59.521553,59.521553,0.127320,0.000000,0.000000,-96.068192,-9.606819,-5.237896,-39.920361,-399.203613,402.382721,-3.179120,-3139.199951,-3179.120361,81.764168,21.160500,10192.987305,4599.922363,1.000000
82.899017,3.600000,23.305239,0.000000,23.305239,-2.553999,-0.000000,-59.521553,59.521553,0.127320,0.000000,0.000000,-96.068192,-9.606819,-5.237896,-39.920361,-399.203613,402.382721,-3.179120,-3139.199951,-3179.120361,81.764168,21.160500,10192.987305,4599.922363,1.000000
83.365128,3.620000,23.305239,0.000000,23.305239,-2.553999,-0.000000,-59.521553,59.521553,0.127320,0.000000,0.000000,-96.068192,-9.606819,-5.237896,-39.920361,-399.203613,402.382721,-3.179120,-3139.199951,-3179.120361,81.764168,21.160500,10192.987305,4599.922363,1.000000
83.831230,3.640000,23.305239,0.000000,23.305239,-2.553999,-0.000000,-59.521553,59.521553,0.127320,0.000000,0.000000,-96.068192,-9.606819,-5.237896,-39.920361,-399.203613,402.382721,-3.179120,-3139.199951,-3179.120361,81.764168,21.160500,10192.987305,4599.922363,1.000000
84.297333,3.660000,23.305239,0.000000,23.305239,-2.553999,-0.000000,-59.521553,59.521553,0.127320,0.000000,0.000000,-96.068192,-9.606819,-5.237896,-39.920361,-399.203613,402.382721,-3.179120,-3139.199951,-3179.120361,81.764168,21.160500,10192.987305,4599.922363,1.000000
84.763435,3.680000,23.305239,0.000000,23.305239,-2.553999,-0.000000,-59.521553,59.521553,0.127320,0.000000,0.000000,-96.068192,-9.606819,-5.237896,-39.920361,-399.203613,402.382721,-3.179120,-3139.199951,-3179.120361,81.764168,21.160500,10192.987305,4599.922363,1.000000
85.229553,3.700000,23.305239,0.000000,23.305239,-2.553999,-0.000000,-59.521553,59.521553,0.127320,0.000000,0.000000,-96.068192,-9.606819,-5.237896,-39.920361,-399.203613,402.382721,-3.179120,-3139.199951,-3179.120361,81.764168,21.160500,10192.987305,4599.922363,1.000000
85.695648,3.720000,23.305239,0.000000,23.305239,-2.553999,-0.000000,-59.521553,59.521553,0.127320,0.000000,0.000000,-96.068192,-9.606819,-5.237896,-39.920361,-399.203613,402.382721,-3.179120,-3139.199951,-3179.120361,81.764168,21.160500,10192.987305,4599.922363,1.000000
86.161758,3.740000,23.305239,0.000000,23.305239,-2.553999,-0.000000,-59.521553,59.521553,0.127320,0.000000,0.000000,-96.068192,-9.606819,-5.237896,-39.920361,-399.203613,402.382721,-3.179120,-3139.199951,-3179.120361,81.764168,21.160500,10192.987305,4599.922363,1.000000
86.627853,3.760000,23.305239,0.000000,23.305239,-2.553999,-0.000000,-59.521553,59.521553,0.127320,0.000000,0.000000,-96.068192,-9.606819,-5.237896,-39.920361,-399.203613,402.382721,-3.179120,-3139.199951,-3179.120361,81.764168,21.160500,10192.987305,4599.922363,1.000000
87.093964,3.780000,23.305239,0.000000,23.305239,-2.553999,-0.000000,-59.521553,59.521553,0.127320,0.000000,0.000000,-96.068192,-9.606819,-5.237896,-39.920361,-399.203613,402.382721,-3.179120,-3139.199951,-3179.120361,81.764168,21.160500,10192.987305,4599.922363,1.000000
87.560066,3.800000,23.305239,0.000000,23.305239,-2.553999,-0.000000,-59.521553,59.521553,0.127320,0.000000,0.000000,-96.068192,-9.606819,-5.237896,-39.920361,-399.203613,402.382721,-3.179120,-3139.199951,-3179.120361,81.764168,21.160500,10192.987305,4599.922363,1.000000
88.026169,3.820000,23.305239,0.000000,23.305239,-2.553999,-0.000000,-59.521553,59.521553,0.127320,0.000000,0.000000,-96.068192,-9.606819,-5.237896,-39.920361,-399.203613,402.382721,-3.179120,-3139.199951,-3179.120361,81.764168,21.160500,10192.987305,4599.922363,1.000000
88.492279,3.840000,23.305239,0.000000,23.305239,-2.553999,-0.000000,-59.521553,59.521553,0.127320,0.000000,0.000000,-96.068192,-9.606819,-5.237896,-39.920361,-399.203613,402.382721,-3.179120,-3139.199951,-3179.120361,81.764168,21.160500,10192.987305,4599.922363,1.000000
88.958374,3.860000,23.305239,0.000000,23.305239,-2.553999,-0.000000,-59.521553,59.521553,0.127320,0.000000,0.000000,-96.068192,-9.606819,-5.237896,-39.920361,-399.203613,402.382721,-3.179120,-3139.199951,-3179.120361,81.764168,21.160500,10192.987305,4599.922363,1.000000
89.424484,3.880000,23.305239,0.000000,23.305239,-2.553999,-0.000000,-59.521553,59.521553,0.127320,0.000000,0.000000,-96.068192,-9.606819,-5.237896,-39.920361,-399.203613,402.382721,-3.179120,-3139.199951,-3179.120361,81.764168,21.160500,10192.987305,4599.922363,1.000000
89.890594,3.900000,23.305239,0.000000,23.305239,-2.553999,-0.000000,-59.521553,59.521553,0.127320,0.000000,0.000000,-96.068192,-9.606819,-5.237896,-39.920361,-399.203613,402.382721,-3.179120,-3139.199951,-3179.120361,81.764168,21.160500,10192.987305,4599.922363,1.000000
90.356705,3.920000,23.305239,0.000000,23.305239,-2.553999,-0.000000,-59.521553,59.521553,0.127320,0.000000,0.000000,-96.068192,-9.606819,-5.237896,-39.920361,-399.203613,402.382721,-3.179120,-3139.199951,-3179.120361,81.764168,21.160500,10192.987305,4599.922363,1.000000
90.822800,3.940000,23.305239,0.000000,23.305239,-2.553999,-0.000000,-59.521553,59.521553,0.127320,0.000000,0.000000,-96.068192,-9.606819,-5.237896,-39.920361,-399.203613,402.382721,-3.179120,-3139.199951,-3179.120361,81.764168,21.160500,10192.987305,4599.922363,1.000000
91.288902,3.960000,23.305239,0.000000,23.305239,-2.553999,-0.000000,-59.521553,59.521553,0.127320,0.000000,0.000000,-96.068192,-9.606819,-5.237896,-39.920361,-399.203613,402.382721,-3.179120,-3139.199951,-3179.120361,81.764168,21.160500,10192.987305,4599.922363,1.000000
91.755013,3.980000,23.305239,0.000000,23.305239,-2.553999,-0.000000,-59.521553,59.521553,0.127320,0.000000,0.000000,-96.068192,-9.606819,-5.237896,-39.920361,-399.203613,402.382721,-3.179120,-3139.199951,-3179.120361,81.764168,21.160500,10192.987305,4599.922363,1.000000
92.221115,4.000000,23.305239,0.000000,23.305239,-2.553999,-0.000000,-59.521553,59.521553,0.127320,0.000000,0.000000,-96.068192,-9.606819,-5.237896,-39.920361,-399.203613,402.382721,-3.179120,-3139.199951,-3179.120361,81.764168,21.160500,10192.987305,4599.922363,1.000000
92.687218,4.020000,23.305239,0.000000,23.305239,-2.553999,-0.000000,-59.521553,59.521553,0.127320,0.000000,0.000000,-96.068192,-9.606819,-5.237896,-39.920361,-399.203613,402.382721,-3.179120,-3139.199951,-3179.120361,81.764168,21.160500,10192.987305,4599.922363,1.000000
93.153320,4.040000,23.305239,0.000000,23.305239,-2.553999,-0.000000,-59.521553,59.521553,0.127320,0.000000,0.000000,-96.068192,-9.606819,-5.237896,-39.920361,-399.203613,402.382721,-3.179120,-3139.199951,-3179.120361,81.764168,21.160500,10192.987305,4599.922363,1.000000
93.619431,4.060000,23.305239,0.000000,23.305239,-2.553999,-0.000000,-59.521553,59.521553,0.127320,0.000000,0.000000,-96.068192,-9.606819,-5.237896,-39.920361,-399.203613,402.382721,-3.179120,-3139.199951,-3179.120361,81.764168,21.160500,10192.987305,4599.922363,1.000000
94.085533,4.080000,23.305239,0.000000,23.305239,-2.553999,-0.000000,-59.521553,59.521553,0.127320,0.000000,0.000000,-96.068192,-9.606819,-5.237896,-39.920361,-399.203613,402.382721,-3.179120,-3139.199951,-3179.120361,81.764168,21.160500,10192.987305,4599.922363,1.000000
94.551636,4.100000,23.305239,0.000000,23.305239,-2.553999,-0.000000,-59.521553,59.521553,0.127320,0.000000,0.000000,-96.068192,-9.606819,-5.237896,-39.920361,-399.203613,402.382721,-3.179120,-3139.199951,-3179.120361,81.764168,21.160500,10192.987305,4599.922363,1.000000
95.017738,4.120000,23.305239,0.000000,23.305239,-2.553999,-0.000000,-59.521553,59.521553,0.127320,0.000000,0.000000,-96.068192,-9.606819,-5.237896,-39.920361,-399.203613,402.382721,-3.179120,-3139.199951,-3179.120361,81.764168,21.160500,10192.987305,4599.922363,1.000000
95.483841,4.140000,23.305239,0.000000,23.305239,-2.553999,-0.000000,-59.521553,59.521553,0.127320,0.000000,0.000000,-96.068192,-9.606819,-5.237896,-39.920361,-399.203613,402.382721,-3.179120,-3139.199951,-3179.120361,81.764168,21.160500,10192.987305,4599.922363,1.000000
95.949944,4.160000,23.305239,0.000000,23.305239,-2.553999,-0.000000,-59.521553,59.521553,0.127320,0.000000,0.000000,-96.068192,-9.606819,-5.237896,-39.920361,-399.203613,402.382721,-3.179120,-3139.199951,-3179.120361,81.764168,21.160500,10192.987305,4599.922363,1.000000
96.416046,4.180000,23.305239,0.000000,23.305239,-2.553999,-0.000000,-59.521553,59.521553,0.127320,0.000000,0.000000,-96.068192,-9.606819,-5.237896,-39.920361,-399.203613,402.382721,-3.179120,-3139.199951,-3179.120361,81.764168,21.160500,10192.987305,4599.922363,1.000000
96.882156,4.200000,23.305239,0.000000,23.305239,-2.553999,-0.000000,-59.521553,59.521553,0.127320,0.000000,0.000000,-96.068192,-9.606819,-5.237896,-39.920361,-399.203613,402.382721,-3.179120,-3139.199951,-3179.120361,81.764168,21.160500,10192.987305,4599.922363,1.000000
97.348267,4.220000,23.305239,0.000000,23.305239,-2.553999,-0.000000,-59.521553,59.521553,0.127320,0.000000,0.000000,-96.068192,-9.606819,-5.237896,-39.920361,-399.203613,402.382721,-3.179120,-3139.199951,-3179.120361,81.764168,21.160500,10192.987305,4599.922363,1.000000
97.814369,4.240000,23.305239,0.000000,23.305239,-2.553999,-0.000000,-59.521553,59.521553,0.127320,0.000000,0.000000,-96.068192,-9.606819,-5.237896,-39.920361,-399.203613,402.382721,-3.179120,-3139.199951,-3179.120361,81.764168,21.160500,10192.987305,4599.922363,1.000000
98.280487,4.260000,23.305239,0.000000,23.305239,-2.553999,-0.000000,-59.521553,59.521553,0.127320,0.000000,0.000000,-96.068192,-9.606819,-5.237896,-39.920361,-399.203613,402.382721,-3.179120,-3139.199951,-3179.120361,81.764168,21.160500,10192.987305,4599.922363,1.000000
98.746582,4.280000,23.305239,0.000000,23.305239,-2.553999,-0.000000,-59.521553,59.521553,0.127320,0.000000,0.000000,-96.068192,-9.606819,-5.237896,-39.920361,-399.203613,402.382721,-3.179120,-3139.199951,-3179.120361,81.764168,21.160500,10192.987305,4599.922363,1.000000
99.212692,4.300000,23.305239,0.000000,23.305239,-2.553999,-0.000000,-59.521553,59.521553,0.127320,0.000000,0.000000,-96.068192,-9.606819,-5.237896,-39.920361,-399.203613,402.382721,-3.179120,-3139.199951,-3179.120361,81.764168,21.160500,10192.987305,4599.922363,1.000000
99.678795,4.320000,23.305239,0.000000,23.305239,-2.553999,-0.000000,-59.521553,59.521553,0.127320,0.000000,0.000000,-96.068192,-9.606819,-5.237896,-39.920361,-399.203613,402.382721,-3.179120,-3139.199951,-3179.120361,81.764168,21.160500,10192.987305,4599.922363,1.000000
100.144897,4.340000,23.305239,0.000000,23.305239,-2.553999,-0.000000,-59.521553,59.521553,0.127320,0.000000,0.000000,-96.068192,-9.606819,-5.237896,-39.920361,-399.203613,402.382721,-3.179120,-3139.199951,-3179.120361,81.764168,21.160500,10192.987305,4599.922363,1.000000
100.611008,4.360000,23.305239,0.000000,23.305239,-2.553999,-0.000000,-59.521553,59.521553,0.127320,0.000000,0.000000,-96.068192,-9.606819,-5.237896,-39.920361,-399.203613,402.382721,-3.179120,-3139.199951,-3179.120361,81.764168,21.160500,10192.987305,4599.922363,1.000000
101.077110,4.380000,23.305239,0.000000,23.305239,-2.553999,-0.000000,-59.521553,59.521553,0.127320,0.000000,0.000000,-96.068192,-9.606819,-5.237896,-39.920361,-399.203613,402.382721,-3.179120,-3139.199951,-3179.120361,81.764168,21.160500,10192.987305,4599.922363,1.000000
101.543213,4.400000,23.305239,0.000000,23.305239,-2.553999,-0.000000,-59.521553,59.521553,0.127320,0.000000,0.000000,-96.068192,-9.606819,-5.237896,-39.920361,-399.203613,402.382721,-3.179120,-3139.199951,-3179.120361,81.764168,21.160500,10192.987305,4599.922363,1.000000
102.009308,4.420000,23.305239,0.000000,23.305239,-2.553999,-0.000000,-59.521553,59.521553,0.127320,0.000000,0.000000,-96.068192,-9.606819,-5.237896,-39.920361,-399.203613,402.382721,-3.179120,-3139.199951,-3179.120361,81.764168,21.160500,10192.987305,4599.922363,1.000000
102.475418,4.440000,23.305239,0.000000,23.305239,-2.553999,-0.000000,-59.521553,59.521553,0.127320,0.000000,0.000000,-96.068192,-9.606819,-5.237896,-39.920361,-399.203613,402.382721,-3.179120,-3139.199951,-3179.120361,81.764168,21.160500,10192.987305,4599.922363,1.000000
102.941521,4.460000,23.305239,0.000000,23.305239,-2.553999,-0.000000,-59.521553,59.521553,0.127320,0.000000,0.000000,-96.068192,-9.606819,-5.237896,-39.920361,-399.203613,402.382721,-3.179120,-3139.199951,-3179.120361,81.764168,21.160500,10192.987305,4599.922363,1.000000
103.407631,4.480000,23.305239,0.000000,23.305239,-2.553999,-0.000000,-59.521553,59.521553,0.127320,0.000000,0.000000,-96.068192,-9.606819,-5.237896,-39.920361,-399.203613,402.382721,-3.179120,-3139.199951,-3179.120361,81.764168,21.160500,10192.987305,4599.922363,1.000000
103.873734,4.500000,23.305239,0.000000,23.305239,-2.553999,-0.000000,-59.521553,59.521553,0.127320,0.000000,0.000000,-96.068192,-9.606819,-5.237896,-39.920361,-399.203613,402.382721,-3.179120,-3139.199951,-3179.120361,81.764168,21.160500,10192.987305,4599.922363,1.000000
104.339844,4.520000,23.305239,0.000000,23.305239,-2.553999,-0.000000,-59.521553,59.521553,0.127320,0.000000,0.000000,-96.068192,-9.606819,-5.237896,-39.920361,-399.203613,402.382721,-3.179120,-3139.199951,-3179.120361,81.764168,21.160500,10192.987305,4599.922363,1.000000
104.805946,4.540000,23.305239,0.000000,23.305239,-2.553999,-0.000000,-59.521553,59.521553,0.127320,0.000000,0.000000,-96.068192,-9.606819,-5.237896,-39.920361,-399.203613,402.382721,-3.179120,-3139.199951,-3179.120361,81.764168,21.160500,10192.987305,4599.922363,1.000000
105.272049,4.560000,23.305239,0.000000,23.305239,-2.553999,-0.000000,-59.521553,59.521553,0.127320,0.000000,0.000000,-96.068192,-9.606819,-5.237896,-39.920361,-399.203613,402.382721,-3.179120,-3139.199951,-3179.120361,81.764168,21.160500,10192.987305,4599.922363,1.000000
105.738144,4.580000,23.305239,0.000000,23.305239,-2.553999,-0.000000,-59.521553,59.521553,0.127320,0.000000,0.000000,-96.068192,-9.606819,-5.237896,-39.920361,-399.203613,402.382721,-3.179120,-3139.199951,-3179.120361,81.764168,21.160500,10192.987305,4599.922363,1.000000
106.204254,4.599999,23.305239,0.000000,23.305239,-2.553999,-0.000000,-59.521553,59.521553,0.127320,0.000000,0.000000,-96.068192,-9.606819,-5.237896,-39.920361,-399.203613,402.382721,-3.179120,-3139.199951,-3179.120361,81.764168,21.160500,10192.987305,4599.922363,1.000000
106.670357,4.620000,23.305239,0.000000,23.305239,-2.553999,-0.000000,-59.521553,59.521553,0.127320,0.000000,0.000000,-96.068192,-9.606819,-5.237896,-39.920361,-399.203613,402.382721,-3.179120,-3139.199951,-3179.120361,81.764168,21.160500,10192.987305,4599.922363,1.000000
107.136459,4.640000,23.305239,0.000000,23.305239,-2.553999,-0.000000,-59.521553,59.521553,0.127320,0.000000,0.000000,-96.068192,-9.606819,-5.237896,-39.920361,-399.203613,402.382721,-3.179120,-3139.199951,-3179.120361,81.764168,21.160500,10192.987305,4599.922363,1.000000
107.602570,4.660000,23.305239,0.000000,23.305239,-2.553999,-0.000000,-59.521553,59.521553,0.127320,0.000000,0.000000,-96.068192,-9.606819,-5.237896,-39.920361,-399.203613,402.382721,-3.179120,-3139.199951,-3179.120361,81.764168,21.160500,10192.987305,4599.922363,1.000000
108.068680,4.680000,23.305239,0.000000,23.305239,-2.553999,-0.000000,-59.521553,59.521553,0.127320,0.000000,0.000000,-96.068192,-9.606819,-5.237896,-39.920361,-399.203613,402.382721,-3.179120,-3139.199951,-3179.120361,81.764168,21.160500,10192.987305,4599.922363,1.000000
108.534775,4.700000,23.305239,0.000000,23.305239,-2.553999,-0.000000,-59.521553,59.521553,0.127320,0.000000,0.000000,-96.068192,-9.606819,-5.237896,-39.920361,-399.203613,402.382721,-3.179120,-3139.199951,-3179.120361,81.764168,21.160500,10192.987305,4599.922363,1.000000
109.000877,4.720000,23.305239,0.000000,23.305239,-2.553999,-0.000000,-59.521553,59.521553,0.127320,0.000000,0.000000,-96.068192,-9.606819,-5.237896,-39.920361,-399.203613,402.382721,-3.179120,-3139.199951,-3179.120361,81.764168,21.160500,10192.987305,4599.922363,1.000000
109.466980,4.740000,23.305239,0.000000,23.305239,-2.553999,-0.000000,-59.521553,59.521553,0.127320,0.000000,0.000000,-96.068192,-9.606819,-5.237896,-39.920361,-399.203613,402.382721,-3.179120,-3139.199951,-3179.120361,81.764168,21.160500,10192.987305,4599.922363,1.000000
109.933098,4.760000,23.305239,0.000000,23.305239,-2.553999,-0.000000,-59.521553,59.521553,0.127320,0.000000,0.000000,-96.068192,-9.606819,-5.237896,-39.920361,-399.203613,402.382721,-3.179120,-3139.199951,-3179.120361,81.764168,21.160500,10192.987305,4599.922363,1.000000
110.399208,4.780000,23.305239,0.000000,23.305239,-2.553999,-0.000000,-59.521553,59.521553,0.127320,0.000000,0.000000,-96.068192,-9.606819,-5.237896,-39.920361,-399.203613,402.382721,-3.179120,-3139.199951,-3179.120361,81.764168,21.160500,10192.987305,4599.922363,1.000000
110.865311,4.800000,23.305239,0.000000,23.305239,-2.553999,-0.000000,-59.521553,59.521553,0.127320,0.000000,0.000000,-96.068192,-9.606819,-5.237896,-39.920361,-399.203613,402.382721,-3.179120,-3139.199951,-3179.120361,81.764168,21.160500,10192.987305,4599.922363,1.000000
111.331421,4.820000,23.305239,0.000000,23.305239,-2.553999,-0.000000,-59.521553,59.521553,0.127320,0.000000,0.000000,-96.068192,-9.606819,-5.237896,-39.920361,-399.203613,402.382721,-3.179120,-3139.199951,-3179.120361,81.764168,21.160500,10192.987305,4599.922363,1.000000
111.797523,4.840000,23.305239,0.000000,23.305239,-2.553999,-0.000000,-59.521553,59.521553,0.127320,0.000000,0.000000,-96.068192,-9.606819,-5.237896,-39.920361,-399.203613,402.382721,-3.179120,-3139.199951,-3179.120361,81.764168,21.160500,10192.987305,4599.922363,1.000000
112.263634,4.860001,23.305239,0.000000,23.305239,-2.553999,-0.000000,-59.521553,59.521553,0.127320,0.000000,0.000000,-96.068192,-9.606819,-5.237896,-39.920361,-399.203613,402.382721,-3.179120,-3139.199951,-3179.120361,81.764168,21.160500,10192.987305,4599.922363,1.000000
112.729729,4.880000,23.305239,0.000000,23.305239,-2.553999,-0.000000,-59.521553,59.521553,0.127320,0.000000,0.000000,-96.068192,-9.606819,-5.237896,-39.920361,-399.203613,402.382721,-3.179120,-3139.199951,-3179.120361,81.764168,21.160500,10192.987305,4599.922363,1.000000
113.195831,4.900000,23.305239,0.000000,23.305239,-2.553999,-0.000000,-59.521553,59.521553,0.127320,0.000000,0.000000,-96.068192,-9.606819,-5.237896,-39.920361,-399.203613,402.382721,-3.179120,-3139.199951,-3179.120361,81.764168,21.160500,10192.987305,4599.922363,1.000000
113.661942,4.920000,23.305239,0.000000,23.305239,-2.553999,-0.000000,-59.521553,59.521553,0.127320,0.000000,0.000000,-96.068192,-9.606819,-5.237896,-39.920361,-399.203613,402.382721,-3.179120,-3139.199951,-3179.120361,81.764168,21.160500,10192.987305,4599.922363,1.000000
